Student_ID	Division	Marks	Recently_Viewed
1234617	F	240	2017-06-26 22:28:19
1234600	B	400	2017-06-26 22:29:36
1234612	D	415	2017-06-26 22:32:11
1234609	D	453	2017-06-26 22:21:39
1234604	C	501	2017-06-26 22:20:40
1234611	D	512	2017-06-26 22:21:47
1234620	D	590	2017-06-26 22:35:06
1234618	F	599	2017-06-26 22:26:23
1234605	B	601	2017-06-26 23:34:48
1234603	C	604	2017-06-26 22:20:31
1234606	C	615	2017-06-26 22:20:56
1234582	A	620	2017-06-26 22:31:41
1234580	A	623	2017-06-26 22:28:04
1234613	D	657	2017-06-26 22:22:02
1234614	F	678	2017-06-26 22:22:45
1234615	F	680	2017-06-26 22:22:10
1234621	D	690	2017-06-26 22:40:23
1234607	B	701	2017-06-26 22:21:05
1234608	B	706	2017-06-26 22:21:26
1234616	F	720	2017-06-26 22:35:26
